City_ID,City,Lat,Lng,Description,Max Temp,Humidity,Cloudiness,Wind Speed,Country,Date
0,Jamestown,42.097,-79.2353,clear sky,36.99,87,1,3.0,US,2021-12-05 03:04:49
1,Bengkulu,-3.8004,102.2655,overcast clouds,77.85,84,100,6.82,ID,2021-12-05 03:06:09
2,San Carlos De Bariloche,-41.1456,-71.3082,clear sky,54.91,57,0,3.62,AR,2021-12-05 03:06:10
3,Sari,36.5633,53.0601,clear sky,46.58,47,0,4.23,IR,2021-12-05 03:06:10
4,Biscarrosse,44.3945,-1.1672,broken clouds,48.15,81,75,14.97,FR,2021-12-05 03:06:10
5,Osypenko,46.9136,36.8253,overcast clouds,35.83,92,100,13.4,UA,2021-12-05 03:06:10
6,Nikolskoye,59.7035,30.7861,overcast clouds,10.02,93,91,6.22,RU,2021-12-05 03:06:11
7,Bredasdorp,-34.5322,20.0403,moderate rain,59.29,95,100,17.83,ZA,2021-12-05 03:06:11
8,Rikitea,-23.1203,-134.9692,overcast clouds,76.17,72,89,8.79,PF,2021-12-05 03:06:12
9,Khatanga,71.9667,102.5,overcast clouds,-23.17,96,100,11.7,RU,2021-12-05 03:06:12
10,Kita,13.0349,-9.4895,scattered clouds,71.67,21,48,4.38,ML,2021-12-05 03:06:12
11,Punta Arenas,-53.15,-70.9167,clear sky,46.11,65,1,11.7,CL,2021-12-05 03:02:24
12,Mataura,-46.1927,168.8643,light rain,51.48,99,100,4.61,NZ,2021-12-05 03:06:13
13,Albany,42.6001,-73.9662,scattered clouds,37.74,77,39,7.9,US,2021-12-05 03:06:13
14,Upernavik,72.7868,-56.1549,overcast clouds,21.67,73,100,6.85,GL,2021-12-05 03:06:14
15,Svetlaya,46.5389,138.3297,scattered clouds,22.82,61,27,6.78,RU,2021-12-05 03:06:14
16,Provideniya,64.3833,-173.3,snow,26.73,97,100,19.01,RU,2021-12-05 03:06:14
17,Cherskiy,68.75,161.3,broken clouds,-38.83,100,74,2.26,RU,2021-12-05 03:06:14
18,Maldonado,-34.6667,-54.9167,overcast clouds,63.79,96,86,5.1,UY,2021-12-05 03:06:15
19,Batemans Bay,-35.7167,150.1833,overcast clouds,64.2,57,100,7.25,AU,2021-12-05 03:06:15
20,Ribeira Grande,38.5167,-28.7,scattered clouds,63.77,75,36,12.86,PT,2021-12-05 03:06:15
21,Rio Claro,-22.4114,-47.5614,broken clouds,63.81,76,72,5.17,BR,2021-12-05 03:06:16
22,Kaitangata,-46.2817,169.8464,light rain,50.36,95,100,12.28,NZ,2021-12-05 03:06:16
23,Narsaq,60.9167,-46.05,moderate rain,37.62,97,100,4.74,GL,2021-12-05 03:06:16
24,Sinnamary,5.3833,-52.95,overcast clouds,76.71,91,100,7.87,GF,2021-12-05 03:06:17
25,Leningradskiy,69.3833,178.4167,scattered clouds,-21.08,92,50,6.06,RU,2021-12-05 03:06:17
26,Whitianga,-36.8333,175.7,broken clouds,68.77,77,77,7.36,NZ,2021-12-05 03:06:17
27,Nakhon Phanom,17.3333,104.4167,few clouds,70.32,39,11,7.31,TH,2021-12-05 03:06:18
28,Ushuaia,-54.8,-68.3,broken clouds,46.06,61,75,19.57,AR,2021-12-05 03:06:18
29,Torbay,47.6666,-52.7314,clear sky,30.76,62,2,5.01,CA,2021-12-05 03:03:18
30,Yellowknife,62.456,-114.3525,broken clouds,-17.16,93,75,9.62,CA,2021-12-05 03:05:27
31,Kitob,39.0843,66.8332,scattered clouds,37.98,68,47,1.34,UZ,2021-12-05 03:06:19
32,Bilma,18.6853,12.9164,clear sky,60.26,26,2,13.06,NE,2021-12-05 03:06:19
33,Puro,12.4841,123.3827,overcast clouds,80.19,69,98,16.53,PH,2021-12-05 03:06:19
34,Hithadhoo,-0.6,73.0833,broken clouds,81.82,79,76,13.85,MV,2021-12-05 03:06:20
35,Bluff,-46.6,168.3333,overcast clouds,51.8,79,100,11.81,NZ,2021-12-05 03:06:20
36,Buala,-8.145,159.5921,moderate rain,83.57,78,100,3.89,SB,2021-12-05 03:06:20
37,Kargasok,59.0556,80.8572,snow,26.91,96,100,13.24,RU,2021-12-05 03:06:21
38,Iqaluit,63.7506,-68.5145,light snow,8.33,78,90,32.21,CA,2021-12-05 03:06:21
39,Tenancingo,19.1472,-98.1806,clear sky,55.53,59,1,3.31,MX,2021-12-05 03:06:21
40,Port Macquarie,-31.4333,152.9167,overcast clouds,69.76,77,100,12.06,AU,2021-12-05 03:06:22
41,Lynn Haven,30.2455,-85.6483,few clouds,59.05,94,20,0.0,US,2021-12-05 03:06:22
42,Saint-Pierre,-21.3393,55.4781,clear sky,79.29,65,0,3.44,RE,2021-12-05 03:06:22
43,Dudinka,69.4058,86.1778,overcast clouds,-29.38,99,85,7.76,RU,2021-12-05 03:06:23
44,Broome,42.2506,-75.833,overcast clouds,35.85,65,90,4.0,US,2021-12-05 03:06:23
45,Mountain Home,43.133,-115.6912,broken clouds,46.78,42,78,2.1,US,2021-12-05 03:06:24
46,Hermanus,-34.4187,19.2345,light rain,64.9,92,100,20.07,ZA,2021-12-05 03:06:24
47,Vaini,-21.2,-175.2,scattered clouds,79.2,78,29,19.93,TO,2021-12-05 03:07:24
48,Petrovsk,52.3064,45.3917,overcast clouds,28.31,77,100,4.43,RU,2021-12-05 03:07:25
49,Tuktoyaktuk,69.4541,-133.0374,clear sky,-20.58,87,5,7.65,CA,2021-12-05 03:07:25
50,Bauta,22.9828,-82.5464,few clouds,65.98,88,20,3.44,CU,2021-12-05 03:07:25
51,Airai,-8.9266,125.4092,overcast clouds,74.88,61,100,1.61,TL,2021-12-05 03:07:26
52,Los Llanos De Aridane,28.6585,-17.9182,broken clouds,62.35,69,75,11.99,ES,2021-12-05 03:07:26
53,Barrow,71.2906,-156.7887,few clouds,17.62,67,20,29.93,US,2021-12-05 03:05:02
54,Cidreira,-30.1811,-50.2056,overcast clouds,70.09,83,85,18.01,BR,2021-12-05 03:07:26
55,Byron Bay,-28.65,153.6167,broken clouds,76.95,84,75,10.33,AU,2021-12-05 03:07:27
56,Bambanglipuro,-7.95,110.2833,overcast clouds,75.6,73,100,4.54,ID,2021-12-05 03:07:27
57,Dicabisagan,17.0818,122.4157,overcast clouds,72.88,80,100,6.87,PH,2021-12-05 03:07:27
58,Banda Aceh,5.5577,95.3222,scattered clouds,82.83,74,40,9.71,ID,2021-12-05 03:07:28
59,Dubbo,-32.25,148.6167,broken clouds,77.13,47,75,17.27,AU,2021-12-05 03:07:28
60,Sisimiut,66.9395,-53.6735,overcast clouds,37.49,42,100,28.95,GL,2021-12-05 03:07:28
61,Nuuk,64.1835,-51.7216,light shower snow,41.61,56,90,14.97,GL,2021-12-05 03:07:29
62,Mollendo,-17.0231,-72.0147,overcast clouds,67.6,85,100,7.67,PE,2021-12-05 03:07:29
63,Ilulissat,69.2167,-51.1,light rain,37.42,41,100,36.82,GL,2021-12-05 03:07:29
64,Fortuna,40.5982,-124.1573,overcast clouds,50.67,92,90,1.99,US,2021-12-05 03:07:30
65,Saint George,37.1041,-113.5841,clear sky,54.54,41,1,1.99,US,2021-12-05 03:04:47
66,Verkhoyansk,67.5447,133.385,overcast clouds,-22.45,97,100,1.61,RU,2021-12-05 03:07:30
67,Kisleta,47.8424,22.0039,overcast clouds,33.35,68,100,5.39,HU,2021-12-05 03:07:30
68,Port Alfred,-33.5906,26.891,light rain,67.93,94,100,26.42,ZA,2021-12-05 03:07:31
69,Obigarm,38.7173,69.7088,overcast clouds,39.54,52,100,1.39,TJ,2021-12-05 03:07:31
70,Thompson,55.7435,-97.8558,light snow,-11.04,77,40,4.61,CA,2021-12-05 03:07:31
71,San Patricio,28.017,-97.5169,overcast clouds,73.83,82,100,10.85,US,2021-12-05 03:07:32
72,Mnogovershinnyy,53.9353,139.9242,broken clouds,0.37,84,68,8.12,RU,2021-12-05 03:07:32
73,Tofield,53.3668,-112.6686,overcast clouds,11.82,92,100,8.81,CA,2021-12-05 03:07:33
74,Jaslo,49.7451,21.4725,overcast clouds,35.01,63,100,12.84,PL,2021-12-05 03:07:33
75,Esperance,-33.8667,121.9,clear sky,73.08,51,0,10.33,AU,2021-12-05 03:07:33
76,Obera,-27.4871,-55.1199,overcast clouds,69.17,65,96,1.99,AR,2021-12-05 03:07:34
77,Port Elizabeth,-33.918,25.5701,light rain,63.1,95,100,20.65,ZA,2021-12-05 03:07:34
78,Mongoumba,3.6415,18.5936,overcast clouds,72.09,93,100,2.68,CF,2021-12-05 03:07:34
79,Omsukchan,62.5333,155.8,few clouds,-32.21,95,19,3.85,RU,2021-12-05 03:07:35
80,Kruisfontein,-34.0033,24.7314,light rain,60.89,97,100,15.26,ZA,2021-12-05 03:07:35
81,New Norfolk,-42.7826,147.0587,clear sky,72.66,31,0,1.99,AU,2021-12-05 03:07:36
82,Aswan,24.0934,32.907,clear sky,63.84,26,1,2.86,EG,2021-12-05 03:07:36
83,Copiapo,-27.3667,-70.3333,broken clouds,55.09,46,52,1.14,CL,2021-12-05 03:07:36
84,Kupang,-10.1667,123.5833,broken clouds,88.38,79,75,6.91,ID,2021-12-05 03:07:37
85,Cabo San Lucas,22.8909,-109.9124,clear sky,78.51,72,1,0.0,MX,2021-12-05 03:03:21
86,Guerrero Negro,27.9769,-114.0611,scattered clouds,62.15,83,47,15.79,MX,2021-12-05 03:07:37
87,Bathsheba,13.2167,-59.5167,few clouds,81.21,74,20,18.41,BB,2021-12-05 03:07:38
88,Tomatlan,19.9333,-105.25,broken clouds,72.14,95,73,1.79,MX,2021-12-05 03:07:38
89,Kavieng,-2.5744,150.7967,moderate rain,82.47,80,100,16.17,PG,2021-12-05 03:07:39
90,Yulara,-25.2406,130.9889,broken clouds,82.24,26,74,28.77,AU,2021-12-05 03:07:39
91,Barra Do Corda,-5.5,-45.25,overcast clouds,73.29,97,100,1.79,BR,2021-12-05 03:07:39
92,Pesaro,43.9036,12.8903,broken clouds,56.21,80,71,6.29,IT,2021-12-05 03:08:40
93,Vilyuysk,63.7553,121.6247,overcast clouds,1.6,93,100,5.5,RU,2021-12-05 03:08:40
94,Beringovskiy,63.05,179.3167,snow,31.39,99,100,27.58,RU,2021-12-05 03:08:40
95,Mahebourg,-20.4081,57.7,few clouds,79.25,68,13,11.48,MU,2021-12-05 03:08:41
96,Shenjiamen,29.9576,122.298,overcast clouds,57.97,54,100,4.65,CN,2021-12-05 03:05:24
97,Mar Del Plata,-38.0023,-57.5575,overcast clouds,61.09,87,100,1.01,AR,2021-12-05 03:08:41
98,Goma,-1.6792,29.2228,overcast clouds,62.65,85,100,2.62,CD,2021-12-05 03:08:42
99,The Valley,18.217,-63.0578,clear sky,80.1,75,3,18.86,AI,2021-12-05 03:08:42
100,Qaanaaq,77.484,-69.3632,overcast clouds,3.83,63,95,9.17,GL,2021-12-05 03:08:42
101,Isangel,-19.55,169.2667,light rain,82.26,74,100,12.12,VU,2021-12-05 03:08:43
102,Avarua,-21.2078,-159.775,scattered clouds,80.65,83,40,5.75,CK,2021-12-05 03:08:43
103,Port Blair,11.6667,92.75,broken clouds,81.84,72,64,12.41,IN,2021-12-05 03:08:43
104,Beloha,-25.1667,45.05,few clouds,73.85,87,15,1.1,MG,2021-12-05 03:08:44
105,Hervey Bay,-25.2986,152.8535,broken clouds,84.31,70,74,5.99,AU,2021-12-05 03:08:33
106,Miquelon,47.0975,-56.3814,overcast clouds,36.09,55,100,27.98,PM,2021-12-05 03:08:44
107,Faya,18.3851,42.4509,clear sky,45.12,39,0,2.33,SA,2021-12-05 03:08:44
108,Tagusao,9.1924,117.8141,scattered clouds,84.18,68,29,5.64,PH,2021-12-05 03:08:45
109,Hobart,-42.8794,147.3294,scattered clouds,73.02,47,40,1.01,AU,2021-12-05 03:08:45
110,Longyearbyen,78.2186,15.6401,broken clouds,19.24,73,75,18.41,SJ,2021-12-05 03:08:45
111,Vardo,70.3705,31.1107,scattered clouds,20.75,72,47,29.64,NO,2021-12-05 03:08:46
112,Ranong,9.9658,98.6348,overcast clouds,78.42,63,98,11.18,TH,2021-12-05 03:08:46
113,Saint-Joseph,-21.3667,55.6167,scattered clouds,78.21,77,25,9.22,RE,2021-12-05 03:08:46
114,Camacupa,-12.0167,17.4833,overcast clouds,61.7,98,100,3.09,AO,2021-12-05 03:08:47
115,Te Anau,-45.4167,167.7167,light rain,45.72,97,100,6.82,NZ,2021-12-05 03:08:47
116,Ancud,-41.8697,-73.8203,clear sky,54.93,78,0,3.53,CL,2021-12-05 03:08:47
117,Darhan,49.4867,105.9228,overcast clouds,18.52,75,99,1.72,MN,2021-12-05 03:08:48
118,Carnarvon,-24.8667,113.6333,clear sky,82.47,61,0,8.05,AU,2021-12-05 03:08:48
119,Camacha,33.0833,-16.3333,scattered clouds,62.02,63,40,13.8,PT,2021-12-05 03:08:48
120,Bilibino,68.0546,166.4372,broken clouds,-36.76,95,58,4.65,RU,2021-12-05 03:08:49
121,Cabedelo,-6.9811,-34.8339,scattered clouds,79.47,84,40,11.74,BR,2021-12-05 03:08:49
122,Gurgentepe,40.7883,37.6017,overcast clouds,42.69,58,100,8.75,TR,2021-12-05 03:08:49
123,Qui Nhon,13.7667,109.2333,overcast clouds,71.38,78,100,19.37,VN,2021-12-05 03:08:50
124,Adeje,28.1227,-16.726,few clouds,66.56,54,20,20.71,ES,2021-12-05 03:08:50
125,Tolaga Bay,-38.3667,178.3,broken clouds,73.67,58,74,18.12,NZ,2021-12-05 03:08:50
126,Vila Franca Do Campo,37.7167,-25.4333,scattered clouds,61.21,83,46,1.23,PT,2021-12-05 03:08:51
127,Bethel,41.3712,-73.414,clear sky,42.49,77,1,3.44,US,2021-12-05 03:08:51
128,Tarandacuao,20.0,-100.5333,broken clouds,53.78,43,67,4.47,MX,2021-12-05 03:08:51
129,Tahta,26.7693,31.5021,broken clouds,62.02,28,80,10.18,EG,2021-12-05 03:08:52
130,Ponta Do Sol,32.6667,-17.1,overcast clouds,65.03,66,90,9.33,PT,2021-12-05 03:08:52
131,Vredendal,-31.6683,18.5012,light rain,62.24,77,58,3.02,ZA,2021-12-05 03:08:53
132,Grandola,38.1772,-8.5668,few clouds,53.35,94,13,7.27,PT,2021-12-05 03:08:53
133,Bisho,-32.8472,27.4422,overcast clouds,62.91,98,98,6.64,ZA,2021-12-05 03:08:54
134,Ambilobe,-13.2,49.05,scattered clouds,76.35,72,41,4.25,MG,2021-12-05 03:08:54
135,Dikson,73.5069,80.5464,light snow,-11.18,98,100,20.65,RU,2021-12-05 03:08:54
136,Mahajanga,-15.7167,46.3167,few clouds,78.82,65,20,6.91,MG,2021-12-05 03:08:54
137,Malakal,9.5334,31.6605,few clouds,77.25,34,14,5.14,SS,2021-12-05 03:09:55
138,Concepcion Del Oro,24.6333,-101.4167,scattered clouds,60.51,36,49,5.01,MX,2021-12-05 03:09:55
139,Kapaa,22.0752,-159.319,light rain,71.92,73,90,1.01,US,2021-12-05 03:09:17
140,Pangnirtung,66.1451,-65.7125,light snow,16.3,93,100,2.73,CA,2021-12-05 03:09:56
141,Betsiamites,48.9413,-68.646,scattered clouds,18.0,78,38,6.04,CA,2021-12-05 03:09:56
142,Culaman,5.9603,125.6586,overcast clouds,85.05,67,100,10.07,PH,2021-12-05 03:09:56
143,Ganzhou,28.8184,115.4327,clear sky,60.58,35,0,1.63,CN,2021-12-05 03:05:00
144,Dunedin,-45.8742,170.5036,moderate rain,53.22,94,100,18.05,NZ,2021-12-05 03:09:57
145,East London,-33.0153,27.9116,light rain,68.86,95,100,20.33,ZA,2021-12-05 03:09:57
146,Springville,40.1652,-111.6107,clear sky,50.67,87,1,0.0,US,2021-12-05 03:09:58
147,Noumea,-22.2763,166.4572,scattered clouds,87.78,99,42,10.16,NC,2021-12-05 03:09:58
148,Male,4.1748,73.5089,scattered clouds,82.85,73,29,9.69,MV,2021-12-05 03:09:58
149,Katsuura,35.1333,140.3,broken clouds,50.14,60,63,13.89,JP,2021-12-05 03:09:59
150,Butaritari,3.0707,172.7902,overcast clouds,83.26,78,100,19.71,KI,2021-12-05 03:09:59
151,Lugovoy,42.9472,72.7644,broken clouds,39.99,74,75,4.85,KZ,2021-12-05 03:10:00
152,Victoria,22.2855,114.1577,broken clouds,69.24,46,84,1.99,HK,2021-12-05 03:09:20
153,Henties Bay,-22.116,14.2845,clear sky,57.85,88,0,7.65,NA,2021-12-05 03:10:00
154,Kisesa,-3.0833,34.15,overcast clouds,65.75,76,99,6.15,TZ,2021-12-05 03:10:01
155,Sovetskiy,61.3614,63.5842,overcast clouds,0.66,94,100,7.92,RU,2021-12-05 03:10:01
156,Atuona,-9.8,-139.0333,clear sky,78.53,75,6,17.13,PF,2021-12-05 03:10:01
157,Mogok,22.9167,96.5,broken clouds,70.32,54,84,1.41,MM,2021-12-05 03:10:02
158,Tautira,-17.7333,-149.15,scattered clouds,82.42,73,29,12.8,PF,2021-12-05 03:10:02
159,Busselton,-33.65,115.3333,scattered clouds,82.09,31,31,8.72,AU,2021-12-05 03:10:02
160,Sangueya,10.7,-14.3667,light rain,75.61,96,11,3.49,GN,2021-12-05 03:10:03
161,Figeac,44.75,1.9167,light rain,37.78,98,100,6.11,FR,2021-12-05 03:10:03
162,Sorong,-0.8833,131.25,heavy intensity rain,82.26,78,79,7.81,ID,2021-12-05 03:10:04
163,Bo Phloi,14.3236,99.5161,overcast clouds,69.76,51,100,12.91,TH,2021-12-05 03:10:04
164,Vihti,60.417,24.3197,few clouds,8.82,83,14,10.0,FI,2021-12-05 03:10:04
165,Langxiang,46.95,128.8833,few clouds,28.56,62,21,6.15,CN,2021-12-05 03:05:18
166,Morondava,-20.2833,44.2833,clear sky,79.14,81,6,4.43,MG,2021-12-05 03:10:05
167,Bogovarovo,58.9785,47.0246,overcast clouds,-0.58,95,97,6.87,RU,2021-12-05 03:10:05
168,Labuhan,-6.8844,112.2051,overcast clouds,83.46,73,97,10.22,ID,2021-12-05 03:10:06
169,Hilo,19.7297,-155.09,moderate rain,69.24,93,90,0.0,US,2021-12-05 03:10:06
170,Franca,-20.5386,-47.4008,overcast clouds,67.23,81,92,4.7,BR,2021-12-05 03:10:06
171,Saldanha,-33.0117,17.9442,light rain,60.03,94,100,10.04,ZA,2021-12-05 03:10:07
172,Sitka,57.0531,-135.33,light snow,30.09,86,75,4.61,US,2021-12-05 03:10:07
173,Posse,-14.0931,-46.3694,broken clouds,67.57,95,81,4.92,BR,2021-12-05 03:10:07
174,Severo-Kurilsk,50.6789,156.125,overcast clouds,31.87,64,87,23.69,RU,2021-12-05 03:10:08
175,Maymyo,22.0333,96.4667,broken clouds,66.76,67,68,2.53,MM,2021-12-05 03:10:08
176,Ambulu,-8.345,113.6058,light rain,83.57,68,98,3.27,ID,2021-12-05 03:10:08
177,Vila Velha,-20.3297,-40.2925,broken clouds,73.35,90,75,2.3,BR,2021-12-05 03:10:09
178,Bulgan,48.8125,103.5347,clear sky,26.28,36,0,10.96,MN,2021-12-05 03:10:09
179,Rome,34.257,-85.1647,overcast clouds,63.01,91,90,0.0,US,2021-12-05 03:11:10
180,Longhua,23.6137,114.1919,broken clouds,68.09,25,70,3.74,CN,2021-12-05 03:11:10
181,Sao Paulo De Olivenca,-3.3783,-68.8725,overcast clouds,73.69,99,100,2.06,BR,2021-12-05 03:11:10
182,Adrar,20.5022,-10.0711,overcast clouds,62.37,21,100,10.18,MR,2021-12-05 03:11:11
183,Katherine,-14.4667,132.2667,overcast clouds,98.92,36,96,8.05,AU,2021-12-05 03:11:11
184,Ust-Maya,60.4167,134.5333,overcast clouds,-5.75,95,98,3.89,RU,2021-12-05 03:11:12
185,Brae,60.3964,-1.353,overcast clouds,37.31,65,98,25.1,GB,2021-12-05 03:11:12
186,Ostrovnoy,68.0531,39.5131,broken clouds,6.35,95,83,8.43,RU,2021-12-05 03:11:12
187,Moose Factory,51.2585,-80.6094,overcast clouds,6.44,93,98,6.98,CA,2021-12-05 03:11:13
188,Upata,8.0086,-62.3989,scattered clouds,69.73,92,27,3.94,VE,2021-12-05 03:11:13
189,Cape Town,-33.9258,18.4232,light rain,62.1,90,100,3.0,ZA,2021-12-05 03:11:13
190,Buraydah,26.326,43.975,clear sky,56.5,46,5,9.82,SA,2021-12-05 03:11:14
191,Bud,39.447,-86.1758,clear sky,38.32,72,2,7.07,US,2021-12-05 03:11:14
192,Port Alberni,49.2413,-124.8028,broken clouds,39.13,96,81,1.99,CA,2021-12-05 03:11:14
193,Naze,28.3667,129.4833,overcast clouds,60.6,60,93,10.76,JP,2021-12-05 03:11:14
194,Bocas Del Toro,9.3333,-82.25,overcast clouds,78.53,78,100,6.22,PA,2021-12-05 03:11:15
195,Batagay-Alyta,67.8006,130.4114,overcast clouds,-23.35,99,100,1.36,RU,2021-12-05 03:11:15
196,Omboue,-1.5746,9.2618,light rain,77.11,92,100,6.82,GA,2021-12-05 03:11:15
197,Severnoye,56.3491,78.3619,overcast clouds,28.17,94,99,15.9,RU,2021-12-05 03:11:16
198,Zelenoborskiy,66.845,32.3622,scattered clouds,-2.81,98,39,3.78,RU,2021-12-05 03:11:16
199,Lebu,-37.6167,-73.65,clear sky,53.53,86,0,17.85,CL,2021-12-05 03:11:16
200,Chama,47.1821,8.4636,overcast clouds,39.36,84,98,1.01,CH,2021-12-05 03:11:17
201,Zhigansk,66.7697,123.3711,light snow,-13.43,98,100,11.72,RU,2021-12-05 03:11:17
202,Dauriya,49.9333,116.8667,clear sky,22.77,79,9,18.23,RU,2021-12-05 03:11:17
203,Coihaique,-45.5752,-72.0662,broken clouds,57.15,62,75,4.61,CL,2021-12-05 03:11:18
204,Kouango,4.9934,19.9619,broken clouds,73.26,77,84,1.74,CF,2021-12-05 03:11:18
205,Eirunepe,-6.6603,-69.8736,heavy intensity rain,73.96,98,92,0.98,BR,2021-12-05 03:11:18
206,Soyo,-6.1349,12.3689,overcast clouds,77.68,89,98,5.35,AO,2021-12-05 03:11:19
207,Kashi,39.4547,75.9797,broken clouds,28.62,38,57,0.22,CN,2021-12-05 03:11:19
208,Majene,-3.5403,118.9707,overcast clouds,82.22,80,96,11.52,ID,2021-12-05 03:11:19
209,Tessalit,20.1986,1.0114,overcast clouds,62.91,17,100,8.21,ML,2021-12-05 03:11:20
210,Itoman,26.1247,127.6694,scattered clouds,71.98,43,40,13.8,JP,2021-12-05 03:11:20
211,Georgetown,5.4112,100.3354,few clouds,84.88,71,20,1.99,MY,2021-12-05 03:11:20
212,Sistranda,63.7256,8.834,broken clouds,28.36,63,74,9.28,NO,2021-12-05 03:11:21
213,Unguia,8.0434,-77.0945,overcast clouds,75.16,97,100,1.54,CO,2021-12-05 03:11:21
214,Namibe,-15.1961,12.1522,scattered clouds,69.17,73,37,3.31,AO,2021-12-05 03:11:21
215,Teguldet,57.3064,88.1667,overcast clouds,21.06,92,100,10.0,RU,2021-12-05 03:11:22
216,Castro,-24.7911,-50.0119,scattered clouds,58.3,99,42,5.53,BR,2021-12-05 03:11:22
217,Puerto Ayora,-0.7393,-90.3518,scattered clouds,68.45,91,38,6.02,EC,2021-12-05 03:11:22
218,Ovre Ardal,61.3167,7.8,overcast clouds,12.76,91,100,6.44,NO,2021-12-05 03:11:23
219,Ahipara,-35.1667,173.1667,scattered clouds,73.56,69,30,12.46,NZ,2021-12-05 03:11:23
220,Tiznit,29.5833,-9.5,scattered clouds,53.04,56,31,1.48,MA,2021-12-05 03:11:23
221,Udachnyy,66.4167,112.4,overcast clouds,-27.31,92,95,19.62,RU,2021-12-05 03:11:24
222,Karratha,-20.7377,116.8463,scattered clouds,104.79,18,42,12.17,AU,2021-12-05 03:11:24
223,Tateyama,34.9833,139.8667,scattered clouds,51.15,60,35,10.69,JP,2021-12-05 03:11:24
224,Bonthe,7.5264,-12.505,scattered clouds,79.25,82,36,3.58,SL,2021-12-05 03:11:25
225,Norman Wells,65.282,-126.8329,broken clouds,-25.69,88,71,2.33,CA,2021-12-05 03:11:25
226,Rantepao,-2.9701,119.8978,broken clouds,80.31,71,70,1.95,ID,2021-12-05 03:12:25
227,Saint-Augustin,51.226,-58.6502,few clouds,20.64,62,19,17.18,CA,2021-12-05 03:12:26
228,Berlevag,70.8578,29.0864,broken clouds,16.45,84,67,23.49,NO,2021-12-05 03:12:26
229,San Policarpo,12.1791,125.5072,overcast clouds,79.66,77,88,19.15,PH,2021-12-05 03:12:27
230,Dingle,10.9995,122.6711,broken clouds,79.86,77,83,14.9,PH,2021-12-05 03:12:27
231,Sola,-13.8833,167.55,overcast clouds,79.23,80,100,17.16,VU,2021-12-05 03:12:27
232,Port Angeles,48.1181,-123.4307,scattered clouds,41.7,98,40,8.05,US,2021-12-05 03:12:28
233,Coria,39.9879,-6.5377,clear sky,41.45,88,3,5.57,ES,2021-12-05 03:12:28
234,Flinders,-34.5833,150.8552,overcast clouds,67.17,64,93,12.21,AU,2021-12-05 03:12:28
235,Kalmar,56.6616,16.3616,broken clouds,34.97,82,75,11.5,SE,2021-12-05 03:12:28
236,Le Port,-20.9373,55.2919,clear sky,79.61,72,2,8.08,RE,2021-12-05 03:12:29
237,Iranshahr,27.2025,60.6848,clear sky,56.89,45,0,1.88,IR,2021-12-05 03:12:29
238,Malanje,-9.5402,16.341,overcast clouds,64.47,98,99,1.59,AO,2021-12-05 03:12:30
239,Nicolas Bravo,18.45,-88.9167,scattered clouds,68.74,90,39,2.04,MX,2021-12-05 03:12:30
240,Burnie,-41.0667,145.9167,overcast clouds,57.38,66,99,8.48,AU,2021-12-05 03:12:30
241,Batamshinskiy,50.5594,58.2747,scattered clouds,22.14,83,43,11.48,KZ,2021-12-05 03:12:31
242,Yuza,39.0,139.9167,overcast clouds,42.04,67,100,10.76,JP,2021-12-05 03:12:31
243,Wakkanai,45.4094,141.6739,overcast clouds,33.73,65,91,27.87,JP,2021-12-05 03:12:31
244,Palmer,42.1584,-72.3287,scattered clouds,38.86,71,40,0.0,US,2021-12-05 03:12:32
245,Tenenkou,14.4572,-4.9169,overcast clouds,72.48,17,96,10.16,ML,2021-12-05 03:12:32
246,Olga,43.7444,135.2892,clear sky,27.64,28,0,3.76,RU,2021-12-05 03:12:32
247,Fare,-16.7,-151.0167,broken clouds,81.32,66,63,12.35,PF,2021-12-05 03:12:33
248,Dezful,32.3811,48.4058,broken clouds,56.91,37,67,0.89,IR,2021-12-05 03:12:33
249,Tinskoy,56.1525,96.9161,overcast clouds,20.95,82,100,13.96,RU,2021-12-05 03:12:33
250,Kodiak,57.79,-152.4072,clear sky,20.71,79,1,3.44,US,2021-12-05 03:12:34
251,La Ronge,55.1001,-105.2842,overcast clouds,-0.15,92,100,5.37,CA,2021-12-05 03:12:34
252,Ust-Tsilma,65.441,52.1498,light snow,1.4,96,100,2.33,RU,2021-12-05 03:12:35
253,San Cristobal,7.7669,-72.225,overcast clouds,69.98,82,94,1.99,VE,2021-12-05 03:12:36
254,Saint-Philippe,-21.3585,55.7679,scattered clouds,79.21,80,39,12.73,RE,2021-12-05 03:12:36
255,Tiksi,71.6872,128.8694,overcast clouds,-18.87,92,100,0.38,RU,2021-12-05 03:12:36
256,Muroto,33.2833,134.15,broken clouds,52.57,60,70,6.64,JP,2021-12-05 03:12:37
257,Concordia,-31.393,-58.0209,scattered clouds,70.79,71,46,3.0,AR,2021-12-05 03:12:37
258,Hadsund,56.7148,10.1168,overcast clouds,35.91,76,100,23.69,DK,2021-12-05 03:12:38
259,Saskylakh,71.9167,114.0833,overcast clouds,-17.66,98,100,9.17,RU,2021-12-05 03:12:38
260,Gurupi,-11.7292,-49.0686,overcast clouds,72.27,95,95,5.23,BR,2021-12-05 03:12:38
261,Santander Jimenez,24.2167,-98.4667,scattered clouds,69.06,90,50,5.91,MX,2021-12-05 03:12:38
262,Arraial Do Cabo,-22.9661,-42.0278,clear sky,72.48,82,5,10.56,BR,2021-12-05 03:12:39
263,Takoradi,4.8845,-1.7554,overcast clouds,79.72,80,100,4.05,GH,2021-12-05 03:12:39
264,Dedza,-14.3779,34.3332,clear sky,64.09,58,10,9.17,MW,2021-12-05 03:12:39
265,Sobolevo,54.4299,31.8996,overcast clouds,26.8,93,100,6.89,RU,2021-12-05 03:12:40
266,Montepuez,-13.1256,38.9997,scattered clouds,66.96,99,31,1.68,MZ,2021-12-05 03:12:40
267,Raton,36.9034,-104.4391,clear sky,46.74,60,1,6.91,US,2021-12-05 03:12:40
268,Tasiilaq,65.6145,-37.6368,snow,26.76,90,100,49.79,GL,2021-12-05 03:12:41
269,Esso,55.9333,158.7,overcast clouds,13.35,82,100,19.86,RU,2021-12-05 03:12:41
270,Mackay,-21.15,149.2,clear sky,91.69,64,0,16.58,AU,2021-12-05 03:12:41
271,Lazaro Cardenas,17.9583,-102.2,broken clouds,76.84,80,70,3.15,MX,2021-12-05 03:12:42
272,Geraldton,-28.7667,114.6,clear sky,88.21,35,0,14.97,AU,2021-12-05 03:13:42
273,Laguna,38.421,-121.4238,mist,55.2,95,90,1.01,US,2021-12-05 03:13:42
274,Do Gonbadan,30.3586,50.7981,clear sky,42.89,93,0,0.0,IR,2021-12-05 03:13:43
275,Vysokogornyy,50.1167,139.15,overcast clouds,8.67,84,97,10.76,RU,2021-12-05 03:13:43
276,Masuguru,-11.3667,38.4167,clear sky,71.8,91,8,2.3,TZ,2021-12-05 03:13:43
277,Severomuysk,56.1481,113.4267,light snow,9.46,91,100,6.64,RU,2021-12-05 03:13:44
278,Churapcha,62.0025,132.4325,overcast clouds,-13.32,97,94,3.94,RU,2021-12-05 03:13:44
279,Constitucion,-35.3333,-72.4167,clear sky,61.07,58,0,8.61,CL,2021-12-05 03:13:44
280,Hasaki,35.7333,140.8333,clear sky,52.29,54,9,14.47,JP,2021-12-05 03:13:45
281,Ankara,39.9199,32.8543,overcast clouds,45.21,88,97,1.48,TR,2021-12-05 03:11:55
282,Margate,51.3813,1.3862,overcast clouds,40.96,86,100,8.01,GB,2021-12-05 03:13:45
283,Porangatu,-13.4408,-49.1486,light rain,71.13,96,85,3.85,BR,2021-12-05 03:13:46
284,Quatre Cocos,-20.2078,57.7625,few clouds,80.71,68,17,11.05,MU,2021-12-05 03:13:46
285,Balagansk,54.0103,103.0544,broken clouds,22.1,76,70,14.83,RU,2021-12-05 03:13:46
286,Cleveland,41.4995,-81.6954,clear sky,41.02,79,1,6.91,US,2021-12-05 03:13:46
287,Tornio,65.8481,24.1466,few clouds,-9.38,98,16,4.45,FI,2021-12-05 03:13:47
288,Chokurdakh,70.6333,147.9167,broken clouds,-41.17,100,56,3.31,RU,2021-12-05 03:13:47
289,Kuusamo,65.9667,29.1833,broken clouds,-2.16,84,75,3.44,FI,2021-12-05 03:13:48
290,Rensvik,63.1,7.8167,broken clouds,32.27,59,75,6.91,NO,2021-12-05 03:13:48
291,Marathon,44.9,-89.7668,overcast clouds,32.2,62,90,3.44,US,2021-12-05 03:13:49
292,Elko,41.0002,-115.5012,few clouds,42.64,46,16,10.0,US,2021-12-05 03:13:49
293,Nantucket,41.2835,-70.0995,clear sky,44.96,70,1,12.66,US,2021-12-05 03:13:49
294,Clyde River,70.4692,-68.5914,snow,12.43,85,100,34.52,CA,2021-12-05 03:13:50
295,Kaabong,3.4836,34.1492,broken clouds,63.12,82,64,13.73,UG,2021-12-05 03:13:50
296,Belyy Yar,53.6039,91.3903,overcast clouds,18.86,89,96,6.71,RU,2021-12-05 03:13:51
297,Gorlitz,51.1552,14.9885,light rain,36.88,89,100,5.99,DE,2021-12-05 03:11:10
298,Nouadhibou,20.931,-17.0347,overcast clouds,64.38,77,100,12.66,MR,2021-12-05 03:13:51
299,Kinston,35.2627,-77.5816,clear sky,56.25,76,1,3.44,US,2021-12-05 03:13:52
300,Atasu,48.6814,71.6433,overcast clouds,22.42,80,100,2.68,KZ,2021-12-05 03:13:52
301,Codrington,-38.2667,141.9667,clear sky,63.03,46,0,14.32,AU,2021-12-05 03:13:52
302,Tabuk,17.4189,121.4443,overcast clouds,72.3,79,88,5.01,PH,2021-12-05 03:13:53
303,Okhotsk,59.3833,143.3,overcast clouds,-10.66,88,100,11.68,RU,2021-12-05 03:13:53
304,Bowmore,34.9421,-79.3031,clear sky,59.9,82,1,0.0,US,2021-12-05 03:13:53
305,Atar,20.5169,-13.0499,overcast clouds,69.84,15,87,8.77,MR,2021-12-05 03:13:54
306,Sunbury,-37.5833,144.7333,scattered clouds,71.83,47,40,1.01,AU,2021-12-05 03:13:54
307,Senanga,-16.1167,23.2667,overcast clouds,68.04,82,94,1.83,ZM,2021-12-05 03:13:55
308,Sovetskaya Gavan,48.9723,140.2878,clear sky,19.18,67,8,7.76,RU,2021-12-05 03:13:55
309,Pisco,-13.7,-76.2167,clear sky,65.01,88,0,9.22,PE,2021-12-05 03:13:55
310,College,64.8569,-147.8028,overcast clouds,-7.78,72,90,0.0,US,2021-12-05 03:13:56
311,Bandarbeyla,9.4942,50.8122,overcast clouds,73.54,74,95,13.38,SO,2021-12-05 03:13:56
312,Trelew,-43.249,-65.3051,clear sky,70.11,38,0,24.25,AR,2021-12-05 03:13:56
313,Nargana,9.4428,-78.5906,overcast clouds,80.22,86,100,12.06,PA,2021-12-05 03:13:57
314,Westport,41.1415,-73.3579,clear sky,46.22,73,1,5.99,US,2021-12-05 03:13:57
315,Caceres,39.522,-6.3748,few clouds,40.8,96,21,5.57,ES,2021-12-05 03:13:57
316,Sioux Lookout,50.1001,-91.917,few clouds,7.18,92,20,2.3,CA,2021-12-05 03:14:58
317,Vestmannaeyjar,63.4427,-20.2734,overcast clouds,38.5,69,99,27.22,IS,2021-12-05 03:14:58
318,Rafai,4.95,23.9167,broken clouds,69.3,86,60,0.69,CF,2021-12-05 03:11:18
319,Newport,51.5877,-2.9984,overcast clouds,45.18,83,90,24.79,GB,2021-12-05 03:14:59
320,Linxia,35.6003,103.2064,few clouds,36.48,36,12,1.14,CN,2021-12-05 03:14:59
321,Lichtenburg,-26.152,26.1597,light rain,59.7,87,100,13.31,ZA,2021-12-05 03:15:00
322,Petropavlovsk-Kamchatskiy,53.0452,158.6483,scattered clouds,28.99,40,40,8.95,RU,2021-12-05 03:15:00
323,Tabas,33.5959,56.9244,clear sky,44.85,47,0,1.43,IR,2021-12-05 03:15:00
324,Lima,-12.0432,-77.0282,broken clouds,67.89,79,75,14.97,PE,2021-12-05 03:11:24
325,Clarence Town,-32.5833,151.7833,overcast clouds,71.94,73,100,7.9,AU,2021-12-05 03:15:01
326,Araouane,18.9048,-3.5265,broken clouds,62.56,20,72,12.12,ML,2021-12-05 03:15:01
327,Pulaski,34.7668,-92.3001,overcast clouds,59.25,73,90,5.01,US,2021-12-05 03:15:01
328,Oka,45.4649,-74.0889,light snow,23.31,83,100,1.14,CA,2021-12-05 03:15:02
329,La Quinta,33.6634,-116.31,clear sky,73.56,40,0,5.14,US,2021-12-05 03:15:02
330,Taoudenni,22.6783,-3.9836,clear sky,55.08,24,7,11.83,ML,2021-12-05 03:15:02
331,Hefei,31.8639,117.2808,overcast clouds,55.54,39,87,5.61,CN,2021-12-05 03:15:03
332,Bolanos De Calatrava,38.9069,-3.6635,broken clouds,46.78,89,55,9.28,ES,2021-12-05 03:15:03
333,Japura,-0.3167,102.35,moderate rain,80.49,84,100,1.97,ID,2021-12-05 03:15:03
334,Senneterre,48.3835,-77.2328,overcast clouds,8.82,97,94,2.98,CA,2021-12-05 03:15:04
335,Jasper,37.2001,-94.3502,overcast clouds,57.81,55,90,5.01,US,2021-12-05 03:15:04
336,Kalmunai,7.4167,81.8167,clear sky,80.38,79,1,3.33,LK,2021-12-05 03:15:04
337,Port Augusta,-32.5,137.7667,overcast clouds,82.71,24,100,4.23,AU,2021-12-05 03:15:05
338,Villarrica,-25.75,-56.4333,few clouds,72.95,57,13,3.83,PY,2021-12-05 03:15:05
339,Popova,42.9603,131.7228,clear sky,15.89,62,1,8.23,RU,2021-12-05 03:15:05
340,Tuatapere,-46.1333,167.6833,light rain,52.83,89,100,6.82,NZ,2021-12-05 03:15:06
341,Aksha,50.2814,113.2867,clear sky,28.31,62,3,16.44,RU,2021-12-05 03:15:06
342,Opuwo,-18.0607,13.84,broken clouds,64.63,26,75,2.33,NA,2021-12-05 03:15:07
343,Grand Gaube,-20.0064,57.6608,clear sky,81.0,71,2,4.0,MU,2021-12-05 03:15:07
344,Kansanshi,-12.0951,26.4273,clear sky,63.66,63,3,3.6,ZM,2021-12-05 03:15:07
345,Rosendal,59.9867,6.0135,overcast clouds,34.75,66,98,9.08,NO,2021-12-05 03:15:08
346,Yeppoon,-23.1333,150.7333,clear sky,87.58,64,8,14.41,AU,2021-12-05 03:15:08
347,Bandundu,-3.3167,17.3667,overcast clouds,72.61,95,100,0.81,CD,2021-12-05 03:15:09
348,Solvychegodsk,61.3305,46.9156,overcast clouds,4.32,92,100,8.39,RU,2021-12-05 03:15:09
349,Boa Vista,2.8197,-60.6733,clear sky,80.58,69,0,12.66,BR,2021-12-05 03:15:10
350,Vieques,18.425,-65.8329,broken clouds,80.91,83,75,10.36,PR,2021-12-05 03:15:10
351,Callaway,30.153,-85.5699,fog,59.0,96,1,0.0,US,2021-12-05 03:15:10
352,Vadso,70.0744,29.7487,scattered clouds,-1.32,79,28,23.42,NO,2021-12-05 03:15:10
353,Kanniyakumari,8.0833,77.5667,scattered clouds,80.85,73,43,4.54,IN,2021-12-05 03:15:11
354,Cockburn Town,21.4612,-71.1419,few clouds,80.6,72,15,22.21,TC,2021-12-05 03:15:11
355,Zongozotla,19.9833,-97.7333,scattered clouds,64.0,92,46,2.44,MX,2021-12-05 03:15:11
356,Port Shepstone,-30.7414,30.455,overcast clouds,71.33,93,100,10.0,ZA,2021-12-05 03:15:12
357,Paamiut,61.994,-49.6678,snow,31.46,99,99,14.36,GL,2021-12-05 03:15:12
358,Karlskrona,56.1616,15.5866,overcast clouds,30.65,77,100,20.51,SE,2021-12-05 03:15:12
359,Monterey,36.2505,-121.2516,clear sky,49.12,1,0,8.01,US,2021-12-05 03:15:13
360,Kenai,60.5544,-151.2583,light snow,8.02,88,90,4.61,US,2021-12-05 03:15:13
361,Kitimat,54.0524,-128.6534,scattered clouds,28.78,95,37,0.2,CA,2021-12-05 03:16:13
362,Souillac,-20.5167,57.5167,scattered clouds,80.98,69,40,9.22,MU,2021-12-05 03:16:14
363,Benito Juarez,19.385,-99.165,clear sky,62.42,46,1,5.99,MX,2021-12-05 03:16:14
364,Bac Lieu,9.285,105.7244,broken clouds,76.32,62,71,7.38,VN,2021-12-05 03:11:47
365,Vao,-22.6667,167.4833,overcast clouds,76.78,85,100,17.43,NC,2021-12-05 03:16:14
366,Anadyr,64.75,177.4833,snow,25.3,86,75,42.5,RU,2021-12-05 03:16:15
367,Poum,-20.2333,164.0167,clear sky,81.34,72,4,6.24,NC,2021-12-05 03:16:15
368,Pudozh,61.8099,36.5345,scattered clouds,-14.76,99,27,3.62,RU,2021-12-05 03:16:16
369,Aklavik,68.2191,-135.0107,clear sky,-21.17,86,4,7.76,CA,2021-12-05 03:16:16
370,Kiruna,67.8557,20.2251,light snow,-12.08,77,88,3.44,SE,2021-12-05 03:16:16
371,Gafargaon,24.4333,90.5667,overcast clouds,73.38,71,100,4.16,BD,2021-12-05 03:16:17
372,Lotofaga,-13.9764,-171.8578,scattered clouds,85.78,71,36,12.17,WS,2021-12-05 03:16:17
373,Hovd,48.0056,91.6419,clear sky,19.58,58,6,0.65,MN,2021-12-05 03:16:17
374,Formosa Do Rio Preto,-11.0483,-45.1931,overcast clouds,68.14,97,98,2.51,BR,2021-12-05 03:16:18
375,Jalu,29.0331,21.5482,clear sky,54.39,74,0,10.33,LY,2021-12-05 03:16:18
376,Puerto Ayacucho,5.6639,-67.6236,broken clouds,75.54,87,83,3.33,VE,2021-12-05 03:16:19
377,Sena Madureira,-9.0656,-68.6569,overcast clouds,75.29,93,100,1.19,BR,2021-12-05 03:16:19
378,Sur,22.5667,59.5289,few clouds,72.81,57,12,4.61,OM,2021-12-05 03:16:19
379,Pangkalanbuun,-2.6833,111.6167,overcast clouds,79.9,82,100,3.87,ID,2021-12-05 03:16:20
380,Coahuayana,18.7333,-103.6833,clear sky,80.08,92,6,2.51,MX,2021-12-05 03:16:20
381,Mamakan,57.8161,114.0028,overcast clouds,23.61,82,100,13.67,RU,2021-12-05 03:16:20
382,Port Hardy,50.6996,-127.4199,clear sky,39.2,93,1,9.22,CA,2021-12-05 03:16:21
383,Teacapan,22.55,-105.75,broken clouds,73.49,77,82,5.46,MX,2021-12-05 03:16:21
384,Hamilton,39.1834,-84.5333,clear sky,42.04,69,1,4.61,US,2021-12-05 03:11:41
385,Lorengau,-2.0226,147.2712,heavy intensity rain,81.54,85,100,19.13,PG,2021-12-05 03:16:21
386,Husavik,66.0449,-17.3389,broken clouds,13.91,79,57,15.66,IS,2021-12-05 03:16:22
387,Yarada,17.65,83.2667,light intensity drizzle,79.12,78,75,4.61,IN,2021-12-05 03:16:22
388,Roald,62.5833,6.1333,light rain,37.54,56,90,10.36,NO,2021-12-05 03:16:22
389,Coquimbo,-29.9533,-71.3436,overcast clouds,58.73,88,90,5.75,CL,2021-12-05 03:14:00
390,Sao Felix Do Xingu,-6.6447,-51.995,light rain,72.39,98,100,0.74,BR,2021-12-05 03:16:23
391,Bubaque,11.2833,-15.8333,few clouds,80.6,77,24,13.62,GW,2021-12-05 03:16:23
392,Pochutla,15.7432,-96.4661,clear sky,76.82,67,0,3.31,MX,2021-12-05 03:16:24
393,Conde,-7.2597,-34.9075,broken clouds,78.26,94,75,5.75,BR,2021-12-05 03:16:24
394,Ammon,43.4696,-111.9666,clear sky,46.94,49,1,4.0,US,2021-12-05 03:16:24
395,Manuk Mangkaw,4.8,119.85,overcast clouds,82.47,75,100,8.97,PH,2021-12-05 03:16:25
396,Kavaratti,10.5669,72.642,scattered clouds,81.1,77,28,10.33,IN,2021-12-05 03:16:25
397,Phuket,8.0,98.25,few clouds,82.62,65,20,10.36,TH,2021-12-05 03:15:32
398,Inzhavino,52.3185,42.4937,overcast clouds,26.71,80,100,2.53,RU,2021-12-05 03:16:26
399,Vanimo,-2.6741,141.3028,overcast clouds,86.11,68,100,9.42,PG,2021-12-05 03:16:26
400,Xuddur,4.1213,43.8894,broken clouds,68.67,83,84,12.48,SO,2021-12-05 03:16:26
401,Bambous Virieux,-20.3428,57.7575,scattered clouds,80.85,69,40,9.22,MU,2021-12-05 03:16:27
402,Avera,33.194,-82.5271,broken clouds,60.67,84,66,4.34,US,2021-12-05 03:16:27
403,Alofi,-19.0595,-169.9187,light rain,84.09,79,87,11.5,NU,2021-12-05 03:16:27
404,Bang Saphan,11.2126,99.5117,broken clouds,82.35,57,70,13.15,TH,2021-12-05 03:16:28
405,Yumen,40.2833,97.2,clear sky,37.94,19,10,6.78,CN,2021-12-05 03:16:28
406,Pilar,-9.5972,-35.9567,broken clouds,78.73,93,84,4.61,BR,2021-12-05 03:16:28
407,Jurado,7.1053,-77.7641,light rain,75.97,94,93,3.15,CO,2021-12-05 03:17:29
408,Havre-Saint-Pierre,50.2334,-63.5986,clear sky,23.59,67,1,14.97,CA,2021-12-05 03:17:29
409,Mbour,14.422,-16.9638,overcast clouds,72.45,53,100,10.74,SN,2021-12-05 03:17:29
410,Maumere,-8.6199,122.2111,overcast clouds,84.9,69,96,7.4,ID,2021-12-05 03:17:30
411,Thinadhoo,0.5333,72.9333,moderate rain,81.84,80,45,16.73,MV,2021-12-05 03:17:30
412,Pevek,69.7008,170.3133,scattered clouds,-27.33,100,26,3.56,RU,2021-12-05 03:17:30
413,Santiago,-33.4569,-70.6483,clear sky,74.86,35,0,4.61,CL,2021-12-05 03:17:31
414,Makat,47.6469,53.3463,scattered clouds,31.64,76,42,11.05,KZ,2021-12-05 03:17:31
415,Korla,41.7597,86.1469,overcast clouds,31.77,46,98,1.7,CN,2021-12-05 03:17:31
416,Lashio,22.9333,97.75,scattered clouds,69.08,63,38,0.74,MM,2021-12-05 03:17:32
417,Constantine,36.365,6.6147,clear sky,44.01,70,0,10.36,DZ,2021-12-05 03:17:32
418,Cayenne,4.9333,-52.3333,overcast clouds,76.08,92,90,0.0,GF,2021-12-05 03:15:39
419,Okha,53.5739,142.9478,overcast clouds,6.6,80,98,13.62,RU,2021-12-05 03:17:32
420,Ulladulla,-35.35,150.4667,overcast clouds,66.87,56,100,9.62,AU,2021-12-05 03:17:33
421,Baykit,61.67,96.37,overcast clouds,-5.71,96,99,2.59,RU,2021-12-05 03:17:33
422,Saquena,-4.6667,-73.5167,overcast clouds,73.35,98,97,1.79,PE,2021-12-05 03:17:34
423,Xining,36.6167,101.7667,broken clouds,33.03,20,77,2.62,CN,2021-12-05 03:17:34
424,Ixtapa,20.7,-105.2,few clouds,78.03,83,20,0.0,MX,2021-12-05 03:17:34
425,Kungurtug,50.5994,97.5228,scattered clouds,9.79,87,46,0.65,RU,2021-12-05 03:17:35
426,Havelock,34.8791,-76.9013,overcast clouds,57.18,87,100,1.99,US,2021-12-05 03:17:14
427,Grants Pass,42.439,-123.3284,overcast clouds,44.26,91,90,0.0,US,2021-12-05 03:15:24
428,Numan,9.4667,12.0333,overcast clouds,74.95,32,99,2.28,NG,2021-12-05 03:17:35
429,Anshun,26.25,105.9333,overcast clouds,51.69,73,100,4.0,CN,2021-12-05 03:17:35
430,Riyadh,24.6877,46.7219,clear sky,48.34,32,2,5.32,SA,2021-12-05 03:15:47
431,Cururupu,-1.8283,-44.8683,overcast clouds,75.42,96,99,2.84,BR,2021-12-05 03:17:36
432,Lata,40.1629,-8.3327,broken clouds,51.82,78,77,7.18,PT,2021-12-05 03:17:36
433,Port Hedland,-20.3167,118.5667,scattered clouds,109.45,10,27,12.66,AU,2021-12-05 03:17:37
434,Kuna,43.4918,-116.4201,mist,56.21,91,1,3.44,US,2021-12-05 03:17:37
435,Camacari,-12.6975,-38.3242,few clouds,80.37,94,12,4.32,BR,2021-12-05 03:17:37
436,Damavand,35.7178,52.065,clear sky,31.84,37,2,5.55,IR,2021-12-05 03:17:38
437,Wawa,9.9022,4.4192,broken clouds,72.57,33,62,5.75,NG,2021-12-05 03:17:38
438,Mantua,45.1667,10.7833,overcast clouds,42.69,90,100,3.0,IT,2021-12-05 03:17:38
439,Sao Domingos Do Maranhao,-5.5758,-44.3853,overcast clouds,72.14,98,100,2.48,BR,2021-12-05 03:17:39
440,Pucara,-15.9803,-71.4606,overcast clouds,39.33,88,94,3.04,PE,2021-12-05 03:17:39
441,Puerto Leguizamo,-0.1934,-74.7819,overcast clouds,71.89,98,97,2.28,CO,2021-12-05 03:17:39
442,Prince Rupert,54.3161,-130.3201,scattered clouds,35.29,82,40,5.75,CA,2021-12-05 03:17:40
443,Anloga,5.7947,0.8973,overcast clouds,81.79,79,96,7.87,GH,2021-12-05 03:17:40
444,Basseterre,17.2948,-62.7261,few clouds,79.18,90,17,20.07,KN,2021-12-05 03:17:40
445,Lodwar,3.1191,35.5973,scattered clouds,79.09,59,48,11.36,KE,2021-12-05 03:17:41
446,Panaba,21.2833,-88.2667,clear sky,67.69,87,4,6.73,MX,2021-12-05 03:17:41
447,Lompoc,34.6391,-120.4579,broken clouds,55.13,83,75,13.0,US,2021-12-05 03:17:41
448,Puerto Escondido,15.85,-97.0667,clear sky,78.98,68,0,2.71,MX,2021-12-05 03:17:42
449,Laurel,39.0993,-76.8483,scattered clouds,50.76,61,40,4.61,US,2021-12-05 03:17:42
450,Torbat-E Jam,35.244,60.6225,clear sky,34.81,90,2,0.92,IR,2021-12-05 03:17:43
451,Youhao,47.8667,128.8333,scattered clouds,27.43,67,25,8.43,CN,2021-12-05 03:17:43
452,Magadan,59.5667,150.8,overcast clouds,-0.98,94,92,11.1,RU,2021-12-05 03:17:43
453,Royan,45.6285,-1.0281,overcast clouds,45.79,70,90,23.22,FR,2021-12-05 03:17:43
454,Bureya,49.8133,129.8131,scattered clouds,14.95,87,26,12.21,RU,2021-12-05 03:17:44
455,Nanortalik,60.1432,-45.2371,snow,33.35,99,100,15.1,GL,2021-12-05 03:18:44
456,Oskemen,49.9565,82.6119,fog,10.36,92,90,2.24,KZ,2021-12-05 03:18:45
457,Ordynskoye,54.3656,81.8994,overcast clouds,22.66,95,100,10.58,RU,2021-12-05 03:18:45
458,Nabire,-3.3667,135.4833,overcast clouds,87.64,60,100,1.61,ID,2021-12-05 03:18:45
459,Kuruman,-27.4524,23.4325,light rain,61.0,90,100,15.19,ZA,2021-12-05 03:18:46
460,Tonekabon,36.8163,50.8738,few clouds,42.75,57,16,5.26,IR,2021-12-05 03:18:46
461,Yar-Sale,66.8333,70.8333,few clouds,-21.28,98,17,4.59,RU,2021-12-05 03:18:46
462,Bani,18.2833,-70.3333,broken clouds,76.86,80,55,11.39,DO,2021-12-05 03:18:47
463,Bardiyah,31.7561,25.0865,broken clouds,62.82,68,64,30.85,LY,2021-12-05 03:18:47
464,Dongli,23.5656,116.8194,clear sky,69.78,43,0,6.71,CN,2021-12-05 03:18:47
465,Kefamenanu,-9.4467,124.4781,overcast clouds,88.47,52,93,2.82,ID,2021-12-05 03:18:48
466,Denpasar,-8.65,115.2167,broken clouds,83.86,79,75,12.66,ID,2021-12-05 03:17:47
467,Dharchula,29.85,80.5333,clear sky,61.39,41,0,3.04,IN,2021-12-05 03:18:48
468,Gejiu,23.306,103.1635,scattered clouds,49.51,66,32,2.98,CN,2021-12-05 03:18:49
469,Lagoa,39.05,-27.9833,few clouds,63.1,78,14,10.96,PT,2021-12-05 03:18:49
470,Portland,45.5234,-122.6762,light rain,53.1,93,90,3.0,US,2021-12-05 03:15:14
471,Przasnysz,53.0191,20.8803,overcast clouds,28.63,80,100,5.95,PL,2021-12-05 03:18:50
472,Shenzhen,22.5455,114.0683,broken clouds,69.13,51,59,5.82,CN,2021-12-05 03:18:50
473,Kasongo-Lunda,-6.4667,16.8167,overcast clouds,69.93,99,100,0.83,CD,2021-12-05 03:18:50
474,Maxixe,-23.8597,35.3472,clear sky,75.6,92,0,7.58,MZ,2021-12-05 03:18:51
475,Saint Anthony,45.0205,-93.218,light snow,31.24,82,90,1.01,US,2021-12-05 03:18:51
476,Port Lincoln,-34.7333,135.8667,overcast clouds,64.67,59,100,8.97,AU,2021-12-05 03:15:23
477,Sterling,39.0062,-77.4286,broken clouds,50.27,56,75,0.0,US,2021-12-05 03:16:30
478,Yayva,59.3303,57.2641,overcast clouds,25.99,89,100,7.4,RU,2021-12-05 03:18:52
479,Kosh-Agach,50.0,88.6667,broken clouds,6.12,89,53,2.57,RU,2021-12-05 03:18:52
480,Svetlogorsk,52.6333,29.7333,overcast clouds,27.86,88,100,7.31,BY,2021-12-05 03:18:52
481,Andreyevo,55.9465,41.1505,broken clouds,20.17,90,70,4.0,RU,2021-12-05 03:18:53
482,Cap Malheureux,-19.9842,57.6142,clear sky,81.09,71,1,4.0,MU,2021-12-05 03:18:53
483,Kitui,-1.367,38.0106,light rain,61.14,94,34,1.61,KE,2021-12-05 03:18:53
484,Kirksville,40.1948,-92.5833,clear sky,38.05,45,1,5.99,US,2021-12-05 03:18:54
485,Palauig,15.435,119.9045,broken clouds,82.51,50,63,0.85,PH,2021-12-05 03:18:54
486,Amahai,-3.3333,128.9167,overcast clouds,84.18,74,100,3.47,ID,2021-12-05 03:18:54
487,Boromo,11.75,-2.9333,scattered clouds,72.99,16,26,5.46,BF,2021-12-05 03:18:55
488,Alice Springs,-23.7,133.8833,clear sky,87.35,20,1,17.27,AU,2021-12-05 03:18:55
489,Viedma,-40.8135,-62.9967,clear sky,57.43,54,6,12.24,AR,2021-12-05 03:18:05
490,Tainan,22.9908,120.2133,scattered clouds,76.78,38,40,3.44,TW,2021-12-05 03:15:50
491,Samarai,-10.6167,150.6667,overcast clouds,84.58,71,96,7.83,PG,2021-12-05 03:18:56
492,Kidal,18.4411,1.4078,overcast clouds,71.6,16,100,6.93,ML,2021-12-05 03:18:56
493,Grand Forks,47.9417,-97.4337,light snow,28.33,80,90,12.66,US,2021-12-05 03:15:39
494,Grindavik,63.8424,-22.4338,clear sky,34.27,69,0,13.8,IS,2021-12-05 03:18:56
495,Coari,-4.085,-63.1414,broken clouds,73.87,98,55,2.73,BR,2021-12-05 03:18:57
496,Maragogi,-9.0122,-35.2225,broken clouds,77.07,87,58,8.41,BR,2021-12-05 03:18:57
497,Homa Bay,-0.5273,34.4571,overcast clouds,65.12,80,92,4.47,KE,2021-12-05 03:18:58
498,Lavrentiya,65.5833,-171.0,snow,25.18,96,100,17.38,RU,2021-12-05 03:18:58
499,Kang,-23.6752,22.7876,overcast clouds,68.32,70,100,10.92,BW,2021-12-05 03:18:58
500,Gladstone,-23.85,151.25,few clouds,84.13,61,17,13.8,AU,2021-12-05 03:16:05
501,Hofn,64.2539,-15.2082,scattered clouds,29.39,59,36,8.61,IS,2021-12-05 03:18:59
502,Teknaf,20.8624,92.3058,overcast clouds,77.79,64,96,3.4,BD,2021-12-05 03:19:59
503,Vallenar,-28.5708,-70.7581,clear sky,70.12,37,6,3.2,CL,2021-12-05 03:20:00
504,Smirnykh,49.75,142.8333,broken clouds,15.87,71,57,3.11,RU,2021-12-05 03:20:00
505,Ahuimanu,21.4447,-157.8378,light rain,73.11,75,75,5.75,US,2021-12-05 03:20:00
506,Ljungby,56.8332,13.9408,overcast clouds,28.81,89,95,13.02,SE,2021-12-05 03:20:01
507,Lahaina,20.8783,-156.6825,light rain,74.95,69,100,17.11,US,2021-12-05 03:20:01
508,High Rock,26.6208,-78.2833,overcast clouds,62.62,61,91,9.8,BS,2021-12-05 03:20:02
509,Orel-Izumrud,43.4583,39.9244,light intensity shower rain,48.22,61,90,8.95,RU,2021-12-05 03:20:02
510,Naryan-Mar,67.6713,53.087,overcast clouds,19.4,85,91,10.09,RU,2021-12-05 03:20:02
511,Matara,5.9485,80.5353,scattered clouds,80.85,81,44,3.65,LK,2021-12-05 03:20:03
512,Cerritos,33.8583,-118.0648,clear sky,62.08,87,1,5.99,US,2021-12-05 03:15:31
513,Esil,51.9556,66.4042,overcast clouds,20.37,88,94,8.34,KZ,2021-12-05 03:20:03
514,Nikolayevsk-Na-Amure,53.1406,140.73,overcast clouds,6.51,78,96,6.08,RU,2021-12-05 03:20:04
515,Paso De Los Toros,-32.8167,-56.5167,clear sky,64.35,81,8,10.04,UY,2021-12-05 03:18:42
516,Half Moon Bay,37.4636,-122.4286,overcast clouds,54.79,88,90,1.99,US,2021-12-05 03:20:04
517,Mpanda,-6.3655,31.0409,overcast clouds,69.78,62,93,2.86,TZ,2021-12-05 03:20:05
518,Milkovo,54.7167,158.6167,broken clouds,19.49,72,62,10.42,RU,2021-12-05 03:20:05
519,Sakakah,29.9697,40.2064,broken clouds,54.97,39,71,4.47,SA,2021-12-05 03:20:05
520,Puerto Baquerizo Moreno,-0.9,-89.6,scattered clouds,68.47,88,27,7.99,EC,2021-12-05 03:20:06
521,Hudiksvall,61.729,17.1036,light snow,18.99,76,100,7.2,SE,2021-12-05 03:20:06
522,Padang,-0.9492,100.3543,overcast clouds,78.85,84,99,3.47,ID,2021-12-05 03:20:07
523,San Juan,-31.5375,-68.5364,overcast clouds,67.1,61,98,5.75,AR,2021-12-05 03:20:07
524,Pedasi,7.5333,-80.0333,broken clouds,77.07,85,69,12.3,PA,2021-12-05 03:20:07
525,Orlik,52.5178,99.825,scattered clouds,8.46,85,27,5.06,RU,2021-12-05 03:20:08
526,Tahe,52.3333,124.7333,overcast clouds,9.91,83,100,2.66,CN,2021-12-05 03:20:08
527,Sabang,5.8933,95.3214,few clouds,81.79,74,23,11.61,ID,2021-12-05 03:20:08
528,Arroyos Y Esteros,-25.0667,-57.1,broken clouds,80.35,45,82,5.55,PY,2021-12-05 03:20:09
529,Raudeberg,61.9875,5.1352,light snow,36.27,94,100,4.0,NO,2021-12-05 03:20:09
530,Preobrazheniye,42.9019,133.9064,clear sky,33.17,35,0,11.7,RU,2021-12-05 03:20:09
531,Dinghai,26.2847,119.7936,overcast clouds,59.92,66,100,13.2,CN,2021-12-05 03:20:10
532,Mizdah,31.4451,12.9801,clear sky,41.79,72,0,7.61,LY,2021-12-05 03:20:10
533,Pudem,58.3044,52.1675,overcast clouds,22.14,90,99,14.29,RU,2021-12-05 03:20:10
534,Shangrao,28.4532,117.9686,clear sky,58.03,50,0,4.25,CN,2021-12-05 03:20:11
535,Vikhorevka,56.1201,101.1636,overcast clouds,20.79,85,99,14.12,RU,2021-12-05 03:20:11
536,Nianzishan,47.5167,122.8833,clear sky,25.92,61,5,2.01,CN,2021-12-05 03:20:11
537,Moron,-34.6534,-58.6198,overcast clouds,69.98,82,97,4.0,AR,2021-12-05 03:20:13
538,Dabakala,8.3667,-4.4333,broken clouds,76.08,53,59,4.52,CI,2021-12-05 03:20:13
539,Waipawa,-41.4122,175.5153,moderate rain,68.63,57,47,12.77,NZ,2021-12-05 03:20:14
540,Houston,29.7633,-95.3633,broken clouds,72.25,89,75,5.01,US,2021-12-05 03:15:39
541,Guilin,25.2819,110.2864,clear sky,60.91,41,1,2.91,CN,2021-12-05 03:20:14
542,Swan Hill,-35.3378,143.5544,clear sky,77.34,14,0,5.28,AU,2021-12-05 03:20:15
543,Guaruja,-23.9931,-46.2564,few clouds,78.91,26,18,4.68,BR,2021-12-05 03:20:15
544,San Quintin,30.4833,-115.95,broken clouds,58.5,87,73,13.58,MX,2021-12-05 03:20:15
545,Yazoo City,32.8551,-90.4056,scattered clouds,62.76,91,43,1.05,US,2021-12-05 03:20:16
546,Porto Novo,6.4965,2.6036,overcast clouds,78.84,86,100,3.76,BJ,2021-12-05 03:20:16
547,Nioro,13.35,-15.75,overcast clouds,73.56,58,100,4.05,GM,2021-12-05 03:18:08
548,Winnemucca,40.973,-117.7357,clear sky,44.11,52,1,3.44,US,2021-12-05 03:16:46
549,Klichka,50.4457,117.996,scattered clouds,18.88,87,28,5.03,RU,2021-12-05 03:21:17
550,Jardim,-21.4803,-56.1381,overcast clouds,77.76,57,100,3.11,BR,2021-12-05 03:21:18
551,Greenville,35.6127,-77.3663,clear sky,56.28,78,1,0.0,US,2021-12-05 03:21:18
552,Estevan,49.1334,-102.9842,snow,26.94,86,90,11.5,CA,2021-12-05 03:21:18
553,Nome,64.5011,-165.4064,snow,12.27,85,90,19.57,US,2021-12-05 03:21:19
554,Ashcroft,50.7165,-121.2859,overcast clouds,30.54,82,93,2.8,CA,2021-12-05 03:21:19
555,Santa Maria Del Oro,25.9333,-105.3667,overcast clouds,60.44,32,100,0.81,MX,2021-12-05 03:21:19
556,Iacu,-12.7672,-40.2117,clear sky,70.14,91,3,1.52,BR,2021-12-05 03:21:20
557,Najran,17.4924,44.1277,clear sky,48.85,40,0,2.08,SA,2021-12-05 03:21:20
558,Ulaangom,49.9811,92.0667,clear sky,6.8,75,7,4.18,MN,2021-12-05 03:21:20
559,Mandalgovi,45.7625,106.2708,clear sky,29.05,38,2,18.54,MN,2021-12-05 03:21:21
560,Cervo,43.6702,-7.4101,light rain,49.19,77,91,24.45,ES,2021-12-05 03:21:21
561,Portoferraio,42.8115,10.3146,clear sky,59.97,63,1,16.2,IT,2021-12-05 03:21:21
562,Klaksvik,62.2266,-6.589,overcast clouds,38.32,57,99,19.39,FO,2021-12-05 03:21:22
563,Chuy,-33.6971,-53.4616,overcast clouds,63.57,93,99,7.11,UY,2021-12-05 03:21:22
564,Batticaloa,7.7102,81.6924,clear sky,80.02,81,1,3.94,LK,2021-12-05 03:21:22
565,General Roca,-39.0333,-67.5833,clear sky,66.6,50,0,18.54,AR,2021-12-05 03:21:23
566,Moerai,-22.4333,-151.3333,overcast clouds,78.19,74,92,9.35,PF,2021-12-05 03:21:23
567,Kiama,-34.6833,150.8667,overcast clouds,67.37,62,85,1.01,AU,2021-12-05 03:21:24
568,Oistins,13.0667,-59.5333,few clouds,80.69,74,20,18.41,BB,2021-12-05 03:21:24
569,Canon City,38.441,-105.2424,clear sky,54.0,50,1,1.01,US,2021-12-05 03:21:24
570,Kamenka,51.3223,42.7678,overcast clouds,26.74,81,100,5.93,RU,2021-12-05 03:21:25
571,Tahoua,14.8888,5.2692,clear sky,69.84,15,1,10.65,NE,2021-12-05 03:21:25
572,Yalutorovsk,56.6536,66.3006,overcast clouds,31.33,89,100,15.1,RU,2021-12-05 03:21:25
573,Hokitika,-42.7167,170.9667,overcast clouds,62.29,98,100,16.73,NZ,2021-12-05 03:21:26
574,Araguacu,-12.9306,-49.8264,broken clouds,73.04,96,74,5.66,BR,2021-12-05 03:21:26
575,Santa Rosa,14.3122,121.1114,overcast clouds,86.09,62,99,18.07,PH,2021-12-05 03:18:17
576,Brigantine,39.4101,-74.3646,clear sky,44.02,91,1,0.0,US,2021-12-05 03:17:37
577,Bolkhov,53.4433,36.0044,overcast clouds,27.46,92,100,7.0,RU,2021-12-05 03:21:27
578,Sao Gabriel Da Cachoeira,-0.1303,-67.0892,overcast clouds,72.36,99,92,0.2,BR,2021-12-05 03:21:27
579,Pitimbu,-7.4706,-34.8086,scattered clouds,79.39,84,44,10.6,BR,2021-12-05 03:21:27
580,Ingham,42.6,-84.3833,overcast clouds,34.0,67,90,0.0,US,2021-12-05 03:21:28
581,Parsons,37.3403,-95.2611,broken clouds,57.81,58,78,11.54,US,2021-12-05 03:21:28
582,Sao Filipe,14.8961,-24.4956,overcast clouds,75.27,75,100,8.03,CV,2021-12-05 03:21:28
583,Ozernovskiy,51.5,156.5167,light snow,28.96,75,100,16.51,RU,2021-12-05 03:21:29
584,Solnechnyy,50.7214,136.6319,broken clouds,10.11,75,83,6.24,RU,2021-12-05 03:21:29
585,Matay,28.419,30.7792,overcast clouds,59.02,42,92,9.62,EG,2021-12-05 03:21:29
586,Namatanai,-3.6667,152.4333,light rain,86.43,67,100,10.83,PG,2021-12-05 03:21:30
587,Khor,47.8861,134.9464,broken clouds,12.07,79,58,8.43,RU,2021-12-05 03:21:30
588,Wajid,3.8093,43.2471,overcast clouds,72.03,72,100,12.71,SO,2021-12-05 03:21:30
589,Svobodnyy,51.4,128.1333,overcast clouds,11.25,93,100,8.46,RU,2021-12-05 03:17:33
590,Inzer,54.2167,57.5556,snow,33.76,97,100,8.68,RU,2021-12-05 03:21:31
591,Belokurikha,51.9959,84.9896,overcast clouds,20.61,85,100,5.03,RU,2021-12-05 03:21:31
592,Srednekolymsk,67.45,153.6833,broken clouds,-44.86,100,58,1.95,RU,2021-12-05 03:21:32
593,Atambua,-9.1061,124.8925,overcast clouds,83.64,67,98,3.47,ID,2021-12-05 03:21:32
594,Mount Pleasant,32.7941,-79.8626,clear sky,60.78,95,1,4.0,US,2021-12-05 03:21:32
595,Linhares,-19.3911,-40.0722,few clouds,68.77,91,13,3.58,BR,2021-12-05 03:21:33
596,Binzhou,37.3667,118.0167,clear sky,49.89,44,0,5.28,CN,2021-12-05 03:22:33
597,Valparaiso,-33.0393,-71.6273,clear sky,60.44,82,0,6.91,CL,2021-12-05 03:22:34
598,Volnovakha,47.601,37.4967,light snow,32.94,99,100,12.97,UA,2021-12-05 03:22:34
599,Meulaboh,4.1363,96.1285,scattered clouds,82.76,72,37,2.46,ID,2021-12-05 03:21:36
600,Santa Isabel,-23.3156,-46.2214,broken clouds,71.4,93,81,3.02,BR,2021-12-05 03:22:34
601,Tazovskiy,67.4667,78.7,broken clouds,-30.96,100,64,4.79,RU,2021-12-05 03:22:35
602,Kabalo,-6.05,26.9167,light rain,68.38,97,53,2.1,CD,2021-12-05 03:22:35
603,Kathmandu,27.7167,85.3167,mist,57.42,88,20,0.0,NP,2021-12-05 03:18:05
604,Gorontalo,0.5412,123.0595,overcast clouds,84.65,72,100,6.15,ID,2021-12-05 03:22:36
605,Sacile,45.9541,12.5029,overcast clouds,43.09,85,100,1.01,IT,2021-12-05 03:22:36
606,Touros,-5.1989,-35.4608,few clouds,79.7,81,16,13.06,BR,2021-12-05 03:22:36
607,Kirando,-7.4167,30.6,scattered clouds,74.41,59,47,5.59,TZ,2021-12-05 03:22:37
608,Sailana,23.4667,74.9167,clear sky,66.11,54,1,9.33,IN,2021-12-05 03:22:37
609,Vrbas,45.5714,19.6408,light rain,39.2,83,100,5.17,RS,2021-12-05 03:22:37
610,Hobyo,5.3505,48.5268,scattered clouds,77.74,76,44,16.71,SO,2021-12-05 03:22:38
611,Carberry,49.8689,-99.3602,overcast clouds,21.65,88,100,6.38,CA,2021-12-05 03:22:38
612,Cerignola,41.264,15.9005,broken clouds,58.03,78,59,7.43,IT,2021-12-05 03:22:38
613,Saint-Francois,46.4154,3.9054,overcast clouds,39.67,85,90,3.44,FR,2021-12-05 03:22:39
614,Bima,-8.4667,118.7167,overcast clouds,77.97,92,100,1.25,ID,2021-12-05 03:22:39
615,Broken Hill,-31.95,141.4333,overcast clouds,76.42,24,89,7.67,AU,2021-12-05 03:22:39
616,At-Bashi,41.1702,75.8106,overcast clouds,20.1,62,100,2.13,KG,2021-12-05 03:22:40
617,Capinzal,-27.3436,-51.6119,broken clouds,68.09,76,75,4.38,BR,2021-12-05 03:22:40
618,Kuchinarai,16.541,104.05,few clouds,76.71,41,14,12.21,TH,2021-12-05 03:22:41
619,Ukiah,39.1502,-123.2078,clear sky,53.44,88,1,0.0,US,2021-12-05 03:22:41
620,Auki,-8.7676,160.7034,overcast clouds,83.52,77,100,4.36,SB,2021-12-05 03:22:41
621,Tambura,5.6,27.4667,broken clouds,73.22,53,74,1.79,SS,2021-12-05 03:22:42
622,Calbuco,-41.768,-73.1273,clear sky,49.21,78,0,18.92,CL,2021-12-05 03:22:42
623,Mandera,3.9366,41.867,few clouds,76.78,68,16,10.71,KE,2021-12-05 03:22:42
624,Kybartai,54.6386,22.7632,overcast clouds,28.8,95,85,3.74,LT,2021-12-05 03:22:43
625,Tocopilla,-22.092,-70.1979,few clouds,66.63,71,21,2.13,CL,2021-12-05 03:21:53
626,Ginda,30.6945,78.4932,broken clouds,53.4,31,58,3.27,IN,2021-12-05 03:22:43
627,Mount Isa,-20.7333,139.5,scattered clouds,101.97,17,40,10.36,AU,2021-12-05 03:22:44
628,Talgar,43.3027,77.2395,mist,24.96,100,20,4.47,KZ,2021-12-05 03:22:45
629,Lokosovo,61.1333,74.8167,snow,6.89,95,100,12.15,RU,2021-12-05 03:22:45
630,San Ramon De La Nueva Oran,-23.1322,-64.326,overcast clouds,76.37,91,100,2.53,AR,2021-12-05 03:20:35
631,Kailua,21.4022,-157.7394,light rain,73.38,71,100,16.67,US,2021-12-05 03:22:45
632,Mont-De-Marsan,44.0,-0.6667,light rain,47.61,94,75,8.05,FR,2021-12-05 03:22:46
633,Espanola,35.9911,-106.0806,clear sky,53.58,45,0,1.86,US,2021-12-05 03:22:46
634,Khandyga,62.6667,135.6,overcast clouds,-11.07,96,100,2.1,RU,2021-12-05 03:22:46
635,Hay River,60.8156,-115.7999,few clouds,-23.82,76,20,6.91,CA,2021-12-05 03:18:06
636,Genoa,44.4129,8.9573,clear sky,48.34,70,0,5.99,IT,2021-12-05 03:22:47
637,Rio Grande,-32.035,-52.0986,scattered clouds,67.95,81,30,12.39,BR,2021-12-05 03:22:47
638,Maniitsoq,65.4167,-52.9,light rain,36.79,68,100,30.42,GL,2021-12-05 03:22:48
639,Celestun,20.8667,-90.4,clear sky,74.34,74,5,13.96,MX,2021-12-05 03:21:16
640,Kropotkin,45.4375,40.5756,light rain,49.14,79,100,13.89,RU,2021-12-05 03:22:48
641,Sangar,63.9242,127.4739,light snow,-12.15,96,100,12.41,RU,2021-12-05 03:22:48
642,Kyra,49.5776,111.9753,few clouds,23.61,72,21,7.07,RU,2021-12-05 03:22:49
643,Oum Hadjer,13.2954,19.6966,scattered clouds,74.03,17,35,9.82,TD,2021-12-05 03:22:49
644,Wageningen,51.9667,5.6667,overcast clouds,39.94,93,90,10.36,NL,2021-12-05 03:22:49
645,Abu Dhabi,24.4667,54.3667,few clouds,72.97,69,20,5.75,AE,2021-12-05 03:22:19
646,Kjollefjord,70.9457,27.3465,broken clouds,20.21,81,65,21.61,NO,2021-12-05 03:23:50
647,Garden City,42.3256,-83.331,overcast clouds,37.35,53,90,1.01,US,2021-12-05 03:20:48
648,Baruun-Urt,46.6806,113.2792,clear sky,27.64,48,7,7.99,MN,2021-12-05 03:23:51
649,Taltal,-25.4,-70.4833,scattered clouds,63.37,74,27,0.98,CL,2021-12-05 03:23:51
650,Tura,25.5198,90.2201,overcast clouds,72.73,62,95,1.99,IN,2021-12-05 03:23:51
651,Kirakira,-10.4544,161.9205,broken clouds,85.96,70,78,1.21,SB,2021-12-05 03:23:52
652,Abu Kamal,34.4506,40.9171,overcast clouds,54.61,36,100,9.62,SY,2021-12-05 03:23:52
653,Lakselv,70.0513,24.9718,few clouds,8.42,72,23,16.11,NO,2021-12-05 03:23:52
654,Qasigiannguit,68.8193,-51.1922,light rain,37.65,43,100,31.45,GL,2021-12-05 03:23:53
655,Kununurra,-15.7667,128.7333,overcast clouds,103.98,33,100,12.66,AU,2021-12-05 03:23:53
656,Fort Nelson,58.8053,-122.7002,few clouds,-24.21,76,20,4.61,CA,2021-12-05 03:21:00
657,Marzuq,14.4,46.4667,clear sky,55.76,38,0,0.94,YE,2021-12-05 03:23:54
658,Nevelsk,46.6733,141.8633,overcast clouds,23.43,67,99,19.86,RU,2021-12-05 03:23:54
659,Baghmara,23.795,86.2085,overcast clouds,69.04,69,89,3.51,IN,2021-12-05 03:23:55
660,Champerico,14.3,-91.9167,clear sky,81.03,72,4,4.18,GT,2021-12-05 03:23:55
661,Arman,59.7,150.1667,broken clouds,-7.76,95,55,4.72,RU,2021-12-05 03:23:55
662,Hamina,60.5697,27.1979,broken clouds,4.28,90,75,13.29,FI,2021-12-05 03:23:56
663,Suoyarvi,62.0833,32.35,few clouds,-3.41,95,12,5.99,RU,2021-12-05 03:23:56
664,Nkhotakota,-12.9274,34.2961,clear sky,77.9,60,4,13.31,MW,2021-12-05 03:23:56
665,Redwater,33.3582,-94.2544,few clouds,68.29,87,17,4.76,US,2021-12-05 03:23:57
666,Trogir,43.5125,16.2517,overcast clouds,54.9,76,90,18.41,HR,2021-12-05 03:23:57
667,Toamasina,-18.1667,49.3833,few clouds,73.4,94,20,3.44,MG,2021-12-05 03:23:58
668,Neiafu,-18.65,-173.9833,light rain,86.68,70,75,9.22,TO,2021-12-05 03:23:58
669,Emerald,-23.5333,148.1667,scattered clouds,87.94,58,40,3.44,AU,2021-12-05 03:23:58
670,Antofagasta,-23.65,-70.4,scattered clouds,61.88,74,37,2.59,CL,2021-12-05 03:23:59
671,Snezhnogorsk,69.1933,33.2531,broken clouds,-0.02,98,57,7.94,RU,2021-12-05 03:23:59
672,Olinda,-8.0089,-34.8553,light rain,76.73,88,75,6.91,BR,2021-12-05 03:23:59
673,Mareeba,-17.0,145.4333,few clouds,93.43,34,12,9.71,AU,2021-12-05 03:24:00
674,Abnub,27.2696,31.1511,overcast clouds,55.62,32,89,9.75,EG,2021-12-05 03:24:00
675,Lubao,14.9167,120.55,scattered clouds,84.27,56,26,14.23,PH,2021-12-05 03:24:01
676,New Glasgow,45.5834,-62.6486,clear sky,23.79,63,3,5.14,CA,2021-12-05 03:20:27
677,Wexford,52.3342,-6.4575,clear sky,41.56,76,1,22.46,IE,2021-12-05 03:24:01
678,Pedernales,18.0384,-71.744,few clouds,78.53,69,14,3.78,DO,2021-12-05 03:24:01
679,Naifaru,5.4444,73.3657,broken clouds,82.49,74,64,8.88,MV,2021-12-05 03:21:15
680,Axim,4.8699,-2.2405,light rain,78.49,85,100,4.27,GH,2021-12-05 03:24:02
681,Pozo Colorado,-23.4923,-58.7972,overcast clouds,85.93,28,100,7.65,PY,2021-12-05 03:24:02
682,Berbera,10.4396,45.0143,scattered clouds,75.61,67,35,5.59,SO,2021-12-05 03:24:03
683,Yanzhou,35.5528,116.8286,clear sky,50.94,39,1,8.46,CN,2021-12-05 03:24:03
684,Taldan,53.6667,124.8,overcast clouds,7.25,80,100,4.07,RU,2021-12-05 03:24:03
685,Mbeya,-8.9,33.45,few clouds,57.9,81,20,6.08,TZ,2021-12-05 03:24:04
686,Shamary,57.3434,58.2199,overcast clouds,28.0,94,100,7.76,RU,2021-12-05 03:24:04
687,San Miguel,13.4833,-88.1833,few clouds,76.37,74,17,2.77,SV,2021-12-05 03:24:04
688,Darnah,32.767,22.6367,broken clouds,62.33,69,84,30.89,LY,2021-12-05 03:24:05
689,Lhokseumawe,5.1801,97.1507,light rain,81.61,74,38,2.04,ID,2021-12-05 03:25:05
690,Akdepe,42.0551,59.3788,overcast clouds,21.2,76,100,3.29,TM,2021-12-05 03:25:06
691,Port-Gentil,-0.7193,8.7815,moderate rain,79.56,85,100,8.16,GA,2021-12-05 03:25:06
692,Wanaka,-44.7,169.15,scattered clouds,68.11,54,38,1.99,NZ,2021-12-05 03:25:06
693,Asyut,27.181,31.1837,overcast clouds,55.58,31,87,10.71,EG,2021-12-05 03:25:07
694,Hualmay,-11.0964,-77.6139,overcast clouds,66.49,86,100,7.45,PE,2021-12-05 03:25:07
695,Mikhaylovka,50.06,43.2379,light snow,31.78,96,100,9.35,RU,2021-12-05 03:25:07
696,Monrovia,6.3005,-10.7969,light rain,79.27,82,21,6.04,LR,2021-12-05 03:25:08
697,Seoul,37.5683,126.9778,clear sky,45.01,36,0,3.44,KR,2021-12-05 03:22:05
698,Vostok,46.4856,135.8833,broken clouds,13.46,72,77,5.12,RU,2021-12-05 03:25:08
699,Sibu,2.3,111.8167,scattered clouds,86.31,79,40,2.3,MY,2021-12-05 03:25:09
700,Temnikov,54.6302,43.2148,scattered clouds,26.67,79,42,6.35,RU,2021-12-05 03:25:09
701,Mamou,10.5,-12.0,scattered clouds,69.33,31,39,3.13,GN,2021-12-05 03:25:10
702,Karpogory,64.0019,44.4451,broken clouds,0.57,80,55,8.59,RU,2021-12-05 03:25:10
703,Edgewater,28.9889,-80.9023,broken clouds,62.98,100,75,0.0,US,2021-12-05 03:23:29
704,Zyryanskoye,56.8306,86.6258,overcast clouds,21.79,92,100,12.59,RU,2021-12-05 03:25:11
705,Merauke,-8.4667,140.3333,overcast clouds,88.56,61,95,8.23,ID,2021-12-05 03:25:11
706,Bereda,43.2686,-7.5406,overcast clouds,47.41,100,93,5.59,ES,2021-12-05 03:25:12
707,Machico,32.7,-16.7667,broken clouds,65.48,72,75,13.8,PT,2021-12-05 03:25:12
708,Bulaevo,54.9056,70.4439,overcast clouds,31.69,90,98,15.93,KZ,2021-12-05 03:25:12
709,Labuan,5.2767,115.2417,few clouds,86.36,74,20,4.61,MY,2021-12-05 03:23:28
710,Mokhotlong,-29.2894,29.0675,overcast clouds,54.19,76,100,2.15,LS,2021-12-05 03:20:16
